"difference_score"	"sample_size"
"1"	1.28076030808269	10
"2"	0.286373702998878	20
"3"	0.0763318192127541	30
"4"	0.0685978984742262	40
"5"	0.0647991216681034	50
"6"	0.0883389317164947	60
"7"	0.0795298555887184	70
"8"	0.0837373413432489	80
"9"	0.0795433528165104	90
"10"	0.0682912759332239	100
"11"	0.0541556066766358	200
"12"	0.0781329925044456	300
"13"	0.0788615466185396	400
"14"	0.0444511996040049	500
"15"	0.0516114990037792	600
"16"	0.0677919819172445	700
"17"	0.0462407446791212	800
"18"	NA	NA
