"difference_score"	"sample_size"
"1"	0.622772991928549	10
"2"	0.134656984941212	20
"3"	0.0603154112319424	30
"4"	0.0421459875134265	40
"5"	0.046219134439968	50
"6"	0.0380003572900737	60
"7"	0.0461994224781855	70
"8"	0.0487427852044254	80
"9"	0.0507007267613836	90
"10"	0.0403769404878043	100
"11"	0.0289051483474555	200
"12"	0.0413576363713093	300
"13"	0.0388923585927237	400
"14"	0.0375718074363332	500
"15"	0.0599023860551005	600
"16"	0.038760381718924	700
"17"	0.0587154831944281	800
"18"	NA	NA
