"difference_score"	"sample_size"
"1"	7.69626358000001	10
"2"	0.248676338330596	20
"3"	0.0613195741621969	30
"4"	0.0633664575778405	40
"5"	0.0572967701782239	50
"6"	0.0641514126733071	60
"7"	0.0625598023581186	70
"8"	0.0870874691188247	80
"9"	0.0929939797497105	90
"10"	0.0862733200581208	100
"11"	0.0541127993061696	200
"12"	0.081866232451731	300
"13"	0.0500253292463281	400
"14"	0.0731623308465861	500
"15"	0.0662238667592324	600
"16"	0.0714696166003359	700
"17"	0.101022729739585	800
"18"	NA	NA
