"difference_score"	"sample_size"
"1"	0.271651265983602	10
"2"	0.261683010423798	20
"3"	0.222105608009808	30
"4"	0.202197731800909	40
"5"	0.145119093457158	50
"6"	0.110455388190784	60
"7"	0.112804052351997	70
"8"	0.104013558228902	80
"9"	0.227818861595325	90
"10"	0.184161051274062	100
"11"	0.222463483757518	200
"12"	0.105834904031275	300
"13"	0.079549467179698	400
"14"	0.125023686473655	500
"15"	0.159610678730383	600
"16"	0.102214381187007	700
"17"	NA	NA
"18"	NA	NA
