"difference_score"	"sample_size"
"1"	0.114356777414348	10
"2"	0.098740739591858	20
"3"	0.0648585705814692	30
"4"	0.058525578386788	40
"5"	0.0452636303342863	50
"6"	0.0449914885860722	60
"7"	0.0471151422478388	70
"8"	0.0743758955542446	80
"9"	0.0722129049590147	90
"10"	0.0791602752741983	100
"11"	0.0291389393904348	200
"12"	0.030131686286138	300
"13"	0.0235908121621255	400
"14"	0.0232831755742995	500
"15"	0.0187854688888738	600
"16"	0.0253203719635896	700
"17"	0.0579033369326017	800
"18"	NA	NA
